MCAS	CSBA	2023
MCAS	CSBA	2024
MCAS	CSBA	2024
MCAS	CSBA	2022
MCAS	PHIL	2022
MCAS	CSBS	2024
MCAS	CSBA	2023
MCAS	MATH	2022
CSOM	ISYS	2023
MCAS	BIOL	2021
CSOM	UNDC	2023
MCAS	CSBA	2024
MCAS	CSBS	2024
MCAS	CSBS	2024
MCAS	CSBS	2024
MCAS	CSBS	2024
MCAS	CSBS	2024
MCAS	CSBA	2024
MCAS	MATH	2024
MCAS	CSBS	2024
MCAG	BIOL	2026
MCAS	ECON	2023
MCAS	NEUR	2023
MCAS	CSBA	2023
MCAS	BIOC	2023
MCAS	BIOL	2022
CSOM	FINC	2023
CSOM	FINC	2022
MCAS	BIOC	2023
MCAS	CSBS	2024
MCAS	UNDC	2024
MCAS	ECON	2024
CSOM	ISYS	2023
MCAS	CSBS	2024
MCAS	ECON	2023
MCAS	CSBS	2024
MCAS	UNDC	2024
MCAS	CSBA	2024
MCAS	CSBA	2024
MCAS	CSBA	2025
MCAS	CSBA	2023
MCAS	ECON	2023
MCAS	MATH	2023
CSOM	FINC	2023
MCAS	CSBS	2024
MCAS	MATH	2024
MCAS	ECON	2021
MCAS	CSBS	2024
CSOM	FINC	2023
MCAS	ECON	2023
MCAS	ECON	2023
CSOM	FINC	2022
CSOM	ECON	2022
CSOM	FINC	2021
MCAS	CSBS	2024
MCAS	BIOL	2023
CSOM	FINC	2021
MCAS	MATH	2023
MCAS	ECON	2022
MCAS	MATH	2023
CSOM	MKTG	2024
MCAS	CSBA	2024
MCAS	CSBS	2023
MCAS	ECON	2023
MCAS	UNDC	2024
CSOM	FINC	2023
MCAS	NEUR	2023
MCAS	ECON	2022
CSOM	FINC	2023
MCAS	ECON	2023
MCAS	ECON	2024
MCAS	CSBA	2024
CSOM	GMGT	2023
MCAS	CSBS	2024
MCAS	ECON	2024
MCAS	PSYC	2023
MCAS	ECON	2024
CSOM	FINC	2024
CSOM	FINC	2023
MCAS	ECON	2023
CSOM	FINC	2022
CSOM	ISYS	2023
CSOM	ISYS	2023
MCAS	ECON	2023
MCAS	CSBS	2024
MCAS	MATH	2024
MCAS	ECON	2022
CSOM	ISYS	2023
MCAS	LING	2024
CSOM	FINC	2023
MCAS	ECON	2021
MCAS	BIOC	2022
CSOM	UNDC	2023
CSOM	FINC	2023
MCAS	CSBA	2024
MCAS	CSBA	2023
MCAS	CSBA	2023
CSOM	MKTG	2023
MCAS	ECON	2022
CSOM	FINC	2023
MCAS	CSBS	2023
MCAS	MATH	2021
